owner,repo,commit_hash,golden_commit_hash,combined_score,category,language
tuskyapp,Tusky,c1fe58c48c8875b0b886a03605cc5cab2a517910,dc4ca065517b5253bccd45c60fb6bcb7eb56c947,0.8014375000000001,dependency,java
rust-lang,rust,154d0962ee5b4b17d2c242d995777d550058207a,99e34b4f7a089dba1a80bb19298e76d4713af2a4,0.7951874999999999,api,rust
line,armeria,abe44775b0ed020dbd3a500f038dd76c951eb047,b04ccd24554f2fd223911096547bff5c6190e5c7,0.7897500000000001,api,java
rust-lang,rust,14c54b637b18f74680d0c0441216714b5e9c150d,0d439f81815b7b2a13b6a30b9263f9a60d46a4d4,0.75,api,rust