owner,repo,commit_hash,golden_commit_hash,combined_score,category,language
ray-project,ray,f781622f8652c16bbd1845b9d05b121ae2cbafea,e4ceae19ef60f135a253fdd9f1270720bdbd96ec,0.7268125000000001,structural,python
tensorflow,tensorflow,56bbd227f69b9a5314b884f8ce128fa745d20c18,98a2d7d166c6ba19539e6d1fa57c47c4170ee77b,0.7323125,structural,python
pandas-dev,pandas,8b56ea30f185dfe9e05cbbd5e5be261388354ae8,f39a9ce580d25c8273cff717d13a7bc8601aa339,0.7322500000000001,api,python
apache,airflow,c14d2ea0e0392a7cfef7d06b4b29ac1e1f47827a,773f52feb9f0dcd29161dc7ec41d5ddc7f69f445,0.736875,structural,python
autokey,autokey,9309c4fe9c7410546eb83c4ba912075f6dc3b092,85b948e7cd0f10f0e2918aad99014d8b848fbe6f,0.698,structural,python